<?xml version="1.0" encoding="UTF-8"?>
<!DOCTYPE article PUBLIC "-//NLM//DTD JATS (Z39.96) Journal Publishing DTD v1.0 20120330//EN" "http://jats.nlm.nih.gov/publishing/1.0/JATS-journalpublishing1.dtd">
<article article-type="research-article" dtd-version="1.0" xml:lang="en" xmlns:mml="http://www.w3.org/1998/Math/MathML" xmlns:xlink="http://www.w3.org/1999/xlink" xmlns:xsi="http://www.w3.org/2001/XMLSchema-instance">
<front>
<journal-meta>
<journal-id journal-id-type="publisher-id">JAPST</journal-id>
<journal-title-group>
<journal-title>Journal of Advanced Pharmaceutical Science and Technology</journal-title>
<abbrev-journal-title>J Adv. Pharmaceut. Sci. Techn.</abbrev-journal-title>
</journal-title-group>
<issn pub-type="epub">2328-0182</issn>
<publisher>
<publisher-name>Open Access Pub</publisher-name>
</publisher>
</journal-meta>
<article-meta>
<article-id pub-id-type="publisher-id">japst-01-1</article-id>
<article-categories>
<subj-group subj-group-type="heading">
<subject>Research Article</subject>
</subj-group>
</article-categories>
<title-group>
<article-title>Relationship Between Primary Health Care Visits and Public Hospital Admissions in Remote Indigenous Patients with Diabetes: A Multivariate Spline Regression Model</article-title>
</title-group>
<contrib-group>
<contrib contrib-type="author" corresp="yes">
<name><surname>Zhao</surname> <given-names>Yuejen</given-names></name>
<xref ref-type="aff" rid="aff001"/>
<xref ref-type="corresp" rid="cor1"/>
</contrib>
<contrib contrib-type="author">
<name><surname>Connors</surname> <given-names>Christine</given-names></name>
<xref ref-type="aff" rid="aff002"/>
</contrib>
<contrib contrib-type="author">
<name><surname>Sinclair</surname> <given-names>Gary</given-names></name>
<xref ref-type="aff" rid="aff003"/>
</contrib>
</contrib-group>
<aff id="aff001">Principal Health Economist, Health Gains Planning Branch Northern Territory <institution>Department of Health</institution>, <addr-line>Australia</addr-line>, <email>yuejen.zhao@nt.gov.au</email></aff>
<aff id="aff002">Program Leader, Chronic Conditions Strategy Unit Northern Territory <institution>Department of Health</institution>, <addr-line>Australia</addr-line>, <email>christine.connors@nt.gov.au</email></aff>
<aff id="aff003">Senior Remote Medical Practitioner, Central Australia Remote Health Northern Territory <institution>Department of Health</institution>, <addr-line>Australia</addr-line> <email>gary.sinclair@nt.gov.au</email></aff>
<author-notes>
<corresp id="cor1">Principal Health Economist, Health Gains Planning Branch Northern Territory Department of Health, Australia <phone>+61&#x002D;8&#x002D;8985 8077</phone>, <fax>+61&#x002D;8&#x002D;89858075</fax></corresp>
</author-notes>
<pub-date pub-type="epub">
<day>01</day>
<month>05</month>
<year>2014</year>
</pub-date>
<volume>1</volume>
<issue>2</issue>
<fpage>1</fpage>
<lpage>18</lpage>
<permissions>
<copyright-statement>&#x00A9;2014 Open Access Pub</copyright-statement>
<copyright-year>2014</copyright-year>
<copyright-holder>Creative Commons licence</copyright-holder>
<license license-type="open-access" xlink:href="http://creativecommons.org/licenses/by-nc/3.0/">
<license-p>This is an Open Access article distributed under the terms of the Creative Commons Attribution Non-Commercial License (<uri xlink:href="http://creativecommons.org/licenses/by-nc/3.0/">http://creativecommons.org/licenses/by-nc/3.0/</uri>) which permits unrestricted non-commercial use, distribution, and reproduction in any medium, provided the original work is properly cited.</license-p>
</license>
</permissions>
<abstract>
<p>Primary health care (PHC) is known to be essential services for local communities. This study aims to assess the relationship between PHC visits and episodes of hospital admission to determine if access to PHC is associated with reduction in hospitalisations for remote Indigenous patients with diabetes. Using individual level linked health centre and hospital data, a cross&#x002D;sectional study was conducted to estimate annual hospital admission rate by number of clinic visits in the Northern Territory of Australia, stratified by age group, sex and with/without significant comorbidities (ischemic heart disease and renal disease). Different levels of PHC were compared by the key health outcome measure: reduction in hospitalisations due to diabetes and its complications. A spline regression model was used to describe the clinic&#x002D;hospital relationship by multiple covariates. An adequate level and an impact index of PHC visits were derived using the first derivative of the quadratic equations evaluated at the parameter estimates. The study found that the relationship between PHC visits and hospitalisations in diabetes care appeared to be a U&#x002D;curve. Low levels of PHC visits were associated with increased level of hospitalisations amongst people with diabetes. The overall level of hospitalisation for diabetic patients appeared to be minimised when the PHC visits were 10.1 per person&#x002D;year (95% confidence interval 7.6&#x002D;12.6). These findings highlight the need for remote Indigenous patients with diabetes to have adequate access to PHC and hospital care, with an &#x201C;optimal&#x201D; annual visits to health centres.</p>
</abstract>
<kwd-group>
<title>Key words</title>
<kwd>Primary Care</kwd>
<kwd>Acute Inpatient Care</kwd>
<kwd>Diabetes</kwd>
<kwd>Rural Health</kwd>
<kwd>Administrative Data Uses</kwd>
</kwd-group>
<counts>
<fig-count count="2"/>
<table-count count="2"/>
<equation-count count="3"/>
<ref-count count="27"/>
<page-count count="18"/>
</counts>
</article-meta>
</front>
<body>
<sec id="sec1-1">
<title>Introduction</title>
<p>Understanding the relationship between primary health care (PHC) and hospital care is imperative in order to use health care resources effectively and efficiently for managing diabetes.<sup><xref ref-type="bibr" rid="ref1">1</xref></sup> Diabetes affects over 4% of the Australian population, 10% of older people and up to 30&#x002D;40% of Indigenous Australians.<sup><xref ref-type="bibr" rid="ref2 ref3 ref4">2&#x002D;4</xref></sup> Diabetes death rates in the Northern Territory (NT) Indigenous people increased by a factor of six between 1977&#x002D;1981 and 1997&#x002D;2001, and were approximately ten times the Australian rates.<sup><xref ref-type="bibr" rid="ref5">5</xref></sup> In the NT, the Medicare Benefits Schedule per capita payments in Indigenous population were less than 50% of their non&#x002D;Indigenous peers.<sup><xref ref-type="bibr" rid="ref6">6</xref></sup> This lack of PHC access coincided with higher hospitalisation rates in the NT Indigenous population, which were 7.7 times higher than those in the NT non&#x002D;Indigenous population.<sup><xref ref-type="bibr" rid="ref7">7</xref></sup> The hospital admissions for diabetes related complications also increased dramatically.<sup><xref ref-type="bibr" rid="ref8">8</xref></sup> The high hospitalisation rates amongst people from remote Indigenous communities suggest that lower accessibility to PHC services may result in higher preventable hospital admissions.<sup><xref ref-type="bibr" rid="ref9">9</xref></sup></p>
<p>The evidence on whether or not improved PHC access reduces diabetes related hospitalisations is mixed. There is substantial evidence to support negative associations between PHC and hospitalisation in diabetic care,<sup><xref ref-type="bibr" rid="ref10 ref11 ref12">10&#x002D;12</xref></sup> suggesting that the number of PHC visits is linked to lower hospitalisation rates. An increase in availability and intensity of PHC is associated with decreased hospitalisations and savings in hospital costs, as a result of improvements in health outcomes. Conversely, several studies found positive associations, showing improved PHC for diabetic patients actually increase early detection of diabetes related complications, referrals to hospitals and admissions.<sup><xref ref-type="bibr" rid="ref13">13</xref>, <xref ref-type="bibr" rid="ref14">14</xref></sup> There were also studies that found no associations between the two types of care.<sup><xref ref-type="bibr" rid="ref15">15</xref>, <xref ref-type="bibr" rid="ref16">16</xref></sup> Explicitly or implicitly, previous studies assumed a linear relationship between PHC and hospitalisation, whereas the actual relation may be curvilinear or nonlinear. Large scale empirical studies based on linked service data are lacking in this area. None of the studies investigated the PHC&#x002D;hospital relationship in remote Indigenous settings. This study aims to assess the relationship between PHC visits and hospitalisations for people with diabetes in remote Indigenous communities.</p>
<p>The remote area of the NT, over 1.3 million square kilometres (five times the size of the United Kingdom), only has approximately 40 medical practitioners providing PHC for about 51 000 Indigenous residents.<sup><xref ref-type="bibr" rid="ref17">17</xref></sup> The majority of PHC providers are nurses and Aboriginal health workers, employed by either the NT Department of Health or the Australian Government funded Aboriginal community controlled health services. Majority of hospital services are provided by five public hospitals. Both PHC and public hospital services are provided free&#x2013;of&#x2013;charge to patients.</p>
</sec>
<sec id="sec1-2" sec-type="methods">
<title>Method</title>
<p>This is a cross&#x002D;sectional study on association of different level of PHC visits with different level of hospitalisations, using deterministic linkage of individual level PHC and hospital data between 1 July 2007 and 30 June 2011, taken from 54 remote health centres and all five public hospitals. The number of visits to the remote health centres is used to measure access to PHC and the number of public hospital admissions is used as an indicator for utilisation of acute care. A PHC visit is defined as a face&#x002D;to&#x002D;face encounter with a medical doctor, nurse, Aboriginal health worker or other type of PHC provider. This study draws together PHC records and hospitalisation data from the primary care information system (PCIS) and the hospital information system linked by a unique patient identifier &#x002D; the hospital registration number.<sup><xref ref-type="bibr" rid="ref18">18</xref></sup> The inclusion criteria were Indigenous resident in the remote NT communities, who visited the remote health centres or were admitted to one or more of the five public hospitals. Diabetes and complications are defined through the International Classification of Primary Care (ICPC) or the Australian Refined Diagnosis Related Groups (AR&#x002D;DRG). The ICPC codes for diabetes are F83, T87, T88, T89, T90; ischemic heart disease (IHD) K74, K75, K76, K89; renal disease U88, U90, U95. The AR&#x002D;DRG codes for diabetes are F11A, F11B, F13Z, K01Z, K60A, K60B; IHD F08A, F08B, F14A, F14B, F14C, F12Z, F01A, F01B, F02Z, F66A, F66B, F74Z, F72A, F72B, F05A, F05B, F06A, F06B, F17Z, F18Z; renal disease L65A, L65B, L67A, L67B, L67C, A09A, A09B, L02A, L02B, L60A, L60B, L60C, L61Z. Number of PHC visits and number of hospitalisations were available at individual level by age group, sex, locality and indicators for the diseases. Same&#x002D;day haemodialysis separations were excluded, because haemodialysis is not believed to be avoidable by improving PHC for patients with end stage renal failure.<sup><xref ref-type="bibr" rid="ref19">19</xref></sup> PHC records with invalid ICPC or the ICPC Component 67 (referral to physician / specialist / clinic / hospital) were excluded from the analysis. Age was derived using date of birth and date of first contact. Accuracy and completeness of the hospital patient demographic data were around 95%.<sup><xref ref-type="bibr" rid="ref20">20</xref></sup></p>
<p>Hospitalisations per person per year (person&#x002D;year) is used to describe the hospitalisation risks by PHC visits. The data are analysed by using descriptive statistics including mean and confidence interval. A bubble diagram was applied to show the association between PHC visits and hospitalisations with bubble area representing the number of patients. The relationship between PHC and hospital service was further explored using multivariate quadratic spline regression models.<sup><xref ref-type="bibr" rid="ref21">21</xref></sup></p>
<p>Let <italic>&#x03BD;<sub>i</sub></italic> and <italic>h<sub>i</sub></italic> represent the number of PHC visits and the number of hospitalisations respectively for patient <italic>i</italic>, and &#x007B;<italic>x</italic><sub>0<italic>i</italic></sub>, <italic>x</italic><sub>1<italic>i</italic></sub>, &#x2026;, <italic>x</italic><sub><italic>pi</italic></sub>&#x007D; be <italic>p</italic>+1 covariates of interest with . The covariates in this study are indicators for aged 40 years and over (<italic>x</italic><sub>1</sub>: 0=no, 1=yes), sex (<italic>x</italic><sub>2</sub>: 0=male, 1=female), IHD (<italic>x</italic><sub>3</sub>: 0=no, 1=yes) and renal disease (<italic>x</italic><sub>4</sub>: 0=no, 1=yes).</p>
<p>The quadratic spline model is in the form of<sup><xref ref-type="bibr" rid="ref21">21</xref></sup>
<disp-formula>
<graphic xmlns:xlink="http://www.w3.org/1999/xlink" xlink:href="japst-01-1-e001.tif" mime-subtype="tif"/>
</disp-formula>
with <italic>a<sub>j</sub></italic> representing intercept parameter (<italic>j</italic> = 0, &#x2026;, <italic>p</italic>), <italic>b<sub>j</sub></italic> and <italic>c<sub>j</sub></italic> shape parameters, <italic>&#x03B5;<sub>i</sub></italic> the error term, and <italic>d<sub>i</sub></italic> a dummy variable defined by a free unknown knot and location parameters <italic>k<sub>j</sub></italic>, where
<disp-formula>
<graphic xmlns:xlink="http://www.w3.org/1999/xlink" xlink:href="japst-01-1-e002.tif" mime-subtype="tif"/>
</disp-formula>
</p>
<p>The spline model glues together two quadratic equations with different shape parameters and a shared vertex, whose x&#x2013;coordinate is the PHC visits pertaining to the minimum or maximum level of the y&#x2013;coordinate hospitalisations, derived by assuming zero first derivative of estimated <italic>h</italic> with respect to <italic>v</italic>:
<disp-formula>
<graphic xmlns:xlink="http://www.w3.org/1999/xlink" xlink:href="japst-01-1-e003.tif" mime-subtype="tif"/>
</disp-formula>
evaluated at estimated parameters <italic>b&#x0302;</italic>, <italic>&#x0109;</italic> and <italic>k&#x0302;</italic>. Reexpression yields the quadratic vertex estimate of PHC visits <inline-graphic xmlns:xlink="http://www.w3.org/1999/xlink" xlink:href="japst-01-1-i001.tif" mime-subtype="tif"/>. The sum of estimated may be used for assessing the total impact of the PHC visits, namely the impact index <inline-graphic xmlns:xlink="http://www.w3.org/1999/xlink" xlink:href="japst-01-1-i002.tif" mime-subtype="tif"/>. The impact index reflects the marginal changes in hospitalisations, if every observation has increased PHC visits by one unit. The unknown parameters <italic>a</italic>, <italic>b</italic>, <italic>c</italic> and <italic>k</italic> were estimated using the weighted least squares. The unknown parameters and standard errors were calculated in Microsoft Excel Solver and add&#x002D;in package SolverStat (version 3.3). Stepwise model selection was performed using <italic>F</italic> value and analysis of variance at the 0.05 level. Sensitivity analysis was undertaken to re&#x002D;examine the models by removing outliers with more than 60 visits annually or including admissions for same&#x002D;day haemodialysis. This study has been approved by the Human Research Ethics Committee of DOH and Menzies School of Health Research (Reference number: HREC&#x2013;2012&#x2013;01723).</p>
</sec>
<sec id="sec1-3">
<title>Results</title>
<p>There were 2686 remote Indigenous patients diagnosed with diabetes included in this study, with 66025 PHC visits and 2434 non&#x002D;haemodialysis hospital admissions (<xref ref-type="table" rid="table001">Table 1</xref>). At the aggregate level, 63% of patients were female, with 17% being aged 60 years and over, 51% 40&#x002D;59, and 31% 15&#x002D;39 years of age. It also revealed that 9.6% (257) of all patients with diabetes never visited health centres during the four years. The average number of PHC visits per person&#x002D;year was 24.6, and the average number of hospitalisations per person&#x002D;year was 0.91. The diabetic patients account for 11.4% of the total number of remote Indigenous patients (23620) registered at one of the health centres using PCIS.</p>
<p>The relationship between PHC visits and hospitalisation in diabetic care appeared a U&#x002D;curve or inverted J&#x002D;curve (see fitted dots in <xref ref-type="fig" rid="fig001">Figure 1</xref>). The hospitalisation rate was 2.3 admissions per person&#x002D;year for those diabetic patients who never sought PHC (<xref ref-type="fig" rid="fig001">Figure 1</xref>). For a patient with diabetes who visited a health centre less than eight visits annually, provision of PHC was associated with a reduction of hospitalisations. This association was nonlinear dependant upon the frequency of PHC visits. The impact index of marginal changes in PHC on hospitalisations ranged from &#x002D;0.45 to 0 (see grey dots in <xref ref-type="fig" rid="fig001">Figure 1</xref>). The hospitalisation rate decreased with the increased number of PHC visits to the minimum of 0.68 hospitalisation a year, when a patient visited health centre eight times annually. The hospitalisation rate increased slightly with the number of PHC visits for those who visited health centres more than eight times a year. <xref ref-type="table" rid="table002">Table 2</xref> provides the parameter estimates and 95% confidence intervals (CI) of the quadratic spline regression models. It was estimated that the overall level of hospitalisation for the total diabetic patients appeared to be minimised when the PHC visits was 7.9 visits per person&#x002D;year (95%CI 5.8&#x002D;10.0, see <xref ref-type="table" rid="table002">Table 2</xref>). The total impact index <italic>I</italic>= &#x2013;181.91, indicating if every patient was provided with one more PHC visit, the total marginal impact would be a reduction of 181.91 hospitalisations. It was necessary to undertake further analysis by key demographic factors and complications. It was found that females attended health centre more frequently to achieve the lowest rate of hospitalisation than males (panel a, <xref ref-type="fig" rid="fig002">Figure 2</xref>), and there were significant differences in both the location and intercept parameter estimates between males and females (<xref ref-type="table" rid="table002">Table 2</xref>). Patients aged 40 and over required more PHC visits to minimise hospitalisations (see <xref ref-type="table" rid="table002">Table 2</xref> and panel b <xref ref-type="fig" rid="fig002">Figure 2</xref>). Diabetic patients with IHD needed 19.8 more PHC visits than those without IHD (P&#x003C;0.05, see <xref ref-type="table" rid="table002">Table 2</xref>), whereas patients with renal disease required 17.1 more visits (P&#x003C;0.05) to minimise hospitalisations. Of these patients who visited PHC clinic less than 24 times annually, 9% and 15% had IHD and renal disease, whereas the diabetic patients who visited PHC clinic 24 times or more annually these figures increased to 16% and 25%. This indicates that PHC visits were positively related to the severity of diabetes.</p>
<p>Sensitivity analysis reveals that removing outlier and including same&#x002D;day haemodialysis patients did not significantly alter the results. A higher polynomial model showed slightly improved model fit, but overall the high order coefficients were statistically insignificant (data not shown)</p>
</sec>
<sec id="sec1-4">
<title>Discussion</title>
<p>Health centres play a vital role in providing PHC for patients with diabetes in remote Indigenous communities. Health centres incorporate numerous health related disciplines and services, which are normally provided separately in mainstream PHC services by general practitioners, community health nurses, pharmacists, environmental health officers or other PHC providers in non&#x002D;remote settings. While lack of access to PHC is not the only cause of Indigenous health disparity, this study reveals that Indigenous diabetic patients with less than the &#x201C;optimal&#x201D; level of PHC services have higher risk of hospitalisation, and those attending at optimal level of PHC have the lowest risk. Diabetic patients receiving much higher levels of PHC appear also likely to have a slightly higher level of hospitalisation. The relationships between PHC and hospitalisation for the diabetes patients seem to be U&#x002D;shaped functions, with an optimal level of PHC service required to minimise hospitalisation (see <xref ref-type="fig" rid="fig001">Figures 1</xref> and <xref ref-type="fig" rid="fig002">2</xref>). The reduction in hospitalisation is dependent upon the frequency of PHC visits. <xref ref-type="fig" rid="fig001">Figure 1</xref> indicates that if PHC is less than 4 visits a year, an increase by one PHC visit can lead to a significant reduction in hospitalisations. This new result is demonstrated by using linked individual level PHC and hospital service data, gathered in the remote Indigenous communities and public hospitals for the period 2007 through 2011. This study indicates that the frequency of PHC services determines the relations between PHC and hospital care. The intuition is as follows. If PHC visits are very low, hospital plays a major role in managing diabetes complications and this model limits opportunities to manage risk factors and prevent complications. In this situation increasing PHC investment can avert or delay the need for hospital care. This negative relationship is consistent with the majority of literature, especially those obtained from the under&#x002D;resourced areas. <sup><xref ref-type="bibr" rid="ref10 ref11 ref12">10&#x002D;12</xref>, <xref ref-type="bibr" rid="ref22">22</xref></sup> Patients receiving PHC beyond the population estimated optimal level may be at the more severe end of clinical spectrum and hence require both more PHC and hospital services. In this case, hospital care is not a substitute for PHC, but a complement.<sup><xref ref-type="bibr" rid="ref23">23</xref></sup> But it is also possible that increased contacts with general practitioners will increase the likelihood of detection of possible comorbidities, leading to more hospital referrals.</p>
<p>This result is recognised by previous research, which indicate appropriate access to PHC can improve health as well as lower health care cost.<sup><xref ref-type="bibr" rid="ref13">13</xref>, <xref ref-type="bibr" rid="ref14">14</xref>, <xref ref-type="bibr" rid="ref24 ref25 ref26">24&#x002D;26</xref></sup> While this interpretation requires further investigation, the curvilinear relation may explain why PHC activity is not a consistent linear predictor of hospitalisation.</p>
<p>This analysis overcame some of the methodological problems of small scale studies by examining routinely collected health service data under a wide range of different levels of PHC service delivery. This study provides useful empirical information and an understanding of how to distribute funding between PHC and hospital care to improve population health and use resources effectively and efficiently. The impact index may be useful for assessing marginal effect of PHC investments. It contributes positively to the development of a strong evidence base concerning cost&#x002D;effectiveness of PHC in remote Indigenous communities. However, there are several limitations to this study which should be noted. Firstly, this study is a cross sectional observation in nature rather than longitudinal and experimental. This limits the extent to which causal relations can be drawn from this study. Many influential factors on hospitalisations such as socio&#x002D;economic status and disease distribution were not considered in this study. Impacts of PHC on preventable hospitalisations have been reported elsewhere.<sup><xref ref-type="bibr" rid="ref27">27</xref></sup> There are theoretical reasons to believe that appropriate level of PHC leads to lower level of hospitalisations. This study provided empirical data for this hypothesis. Secondly, the strength of the evidence is limited by the reliability of PHC and hospital data. The NT and national hospital data quality survey showed that the demographic data quality is 95% accurate.<sup><xref ref-type="bibr" rid="ref20">20</xref></sup> Thirdly, the study did not include people never visiting the health centres and never using the public hospitals. Because the total study population (with or without diabetes) was close to the total Indigenous resident population in the selected remote areas,<sup><xref ref-type="bibr" rid="ref17">17</xref></sup> the potential under estimation of the population was believed to be minimal. Finally, due to data restriction, mortality health outcome was not analysed in this study. Further research in this regard seems warranted.</p>
<p>In conclusion, providing adequate level of primary care is important for people with diabetes. Identifying and case managing the small group of patients with diabetes, who never or seldom used PHC, may be useful to curve high hospitalisation rates for remote Indigenous people. Effectiveness and efficiency of diabetes care may largely hinge on a fine balance between primary care and hospital care.</p>
</sec>
</body>
<back>
<ref-list>
<title>References</title>
<ref id="ref1"><label>1.</label> <mixed-citation publication-type="journal"><person-group person-group-type="author"><name><surname>Rosano</surname><given-names>A.</given-names></name><name><surname>Abo Loha</surname><given-names>C.</given-names></name><name><surname>Falvo</surname><given-names>R.</given-names></name><name><surname>van der Zee</surname><given-names>J.</given-names></name><name><surname>Ricciardi</surname><given-names>W.</given-names></name><etal/></person-group> (<year>2012</year>) <article-title>The Relationship between Avoidable Hospitalization and Accessibility to Primary Care: A Systematic Review</article-title>. <source>Eur. J. Public Health</source>, <comment>doi</comment>:<ext-link ext-link-type="doi" xmlns:xlink="http://www.w3.org/1999/xlink" xlink:href="10.1093/eurpub/cks1053">10.1093/eurpub/cks1053</ext-link></mixed-citation></ref>
<ref id="ref2"><label>2.</label> <mixed-citation publication-type="book"><collab>Australian Institute of Health and Welfare</collab> (<year>2011</year>) <source>Diabetes Prevalence in Australia</source>, <publisher-name>AIHW</publisher-name>, <publisher-loc>Canberra, AUS</publisher-loc></mixed-citation></ref>
<ref id="ref3"><label>3.</label> <mixed-citation publication-type="book"><person-group person-group-type="author"><name><surname>Colagiuri</surname><given-names>S.</given-names></name><name><surname>Colagiuri</surname><given-names>R.</given-names></name><name><surname>Ward</surname><given-names>J.</given-names></name></person-group> (<year>1998</year>) <source>National Diabetes Strategy and Implementation Plan</source>, <publisher-name>Diabetes Australia</publisher-name>, <publisher-loc>Canberra, AUS</publisher-loc></mixed-citation></ref>
<ref id="ref4"><label>4.</label> <mixed-citation publication-type="journal"><person-group person-group-type="author"><name><surname>Zhao</surname><given-names>Y.</given-names></name><name><surname>Connors</surname><given-names>C.</given-names></name><name><surname>Wright</surname><given-names>J.</given-names></name><name><surname>Guthridge</surname><given-names>S.</given-names></name><name><surname>Bailie</surname><given-names>R.</given-names></name></person-group> (<year>2008</year>) <article-title>Estimating Chronic Disease Prevalence among the Remote Aboriginal Population of the Northern Territory Using Multiple Data Sources</article-title>. <source>Aust. N. Z. J. Public Health</source> <volume>32</volume>, <fpage>307</fpage>-<lpage>313</lpage></mixed-citation></ref>
<ref id="ref5"><label>5.</label> <mixed-citation publication-type="journal"><person-group person-group-type="author"><name><surname>Thomas</surname><given-names>D.P.</given-names></name><name><surname>Condon</surname><given-names>J.R.</given-names></name><name><surname>Anderson</surname><given-names>I.P.</given-names></name><name><surname>Li</surname><given-names>S.Q.</given-names></name><name><surname>Halpin</surname><given-names>S.</given-names></name><etal/></person-group> (<year>2006</year>) <article-title>Long&#x002D;Term Trends in Indigenous Deaths from Chronic Diseases in the Northern Territory: A Foot on the Brake, a Foot on the Accelerator</article-title>. <source>Med. J. Aust.</source> <volume>185</volume>, <fpage>145</fpage>-<lpage>149</lpage></mixed-citation></ref>
<ref id="ref6"><label>6.</label> <mixed-citation publication-type="book"><person-group person-group-type="author"><name><surname>Byron</surname><given-names>P.</given-names></name><name><surname>Zhao</surname><given-names>Y.</given-names></name><name><surname>Guthridge</surname><given-names>S.L.</given-names></name><name><surname>Brailsford</surname><given-names>R.</given-names></name><name><surname>Stacey</surname><given-names>F.</given-names></name><etal/></person-group> (<year>2005</year>) <source>Medicare and Pharmaceutical Benefits Scheme Usage Patterns in the Northern Territory 1993/94 to 2003/04</source>., <publisher-name>Department of Health and Community Services</publisher-name>, <publisher-loc>Darwin, AUS</publisher-loc></mixed-citation></ref>
<ref id="ref7"><label>7.</label> <mixed-citation publication-type="book"><collab>Australian Institute of Health and Welfare</collab> (<year>2010</year>) <source>Australian Hospital Statistics 2008&#x2013;09</source>, <publisher-name>Australian Institute of Health and Welfare</publisher-name>, <publisher-loc>Canberra, AUS</publisher-loc></mixed-citation></ref>
<ref id="ref8"><label>8.</label> <mixed-citation publication-type="book"><person-group person-group-type="author"><name><surname>Weeramanthri</surname><given-names>T.</given-names></name><name><surname>Clark</surname><given-names>L.</given-names></name></person-group> (<year>2001</year>) <article-title>Chronic Diseases</article-title>. <comment>In</comment> <source>The Health and Welfare of Territorians</source>, <comment>eds.</comment> <person-group person-group-type="editor"><name><surname>Condon</surname><given-names>J. R.</given-names></name><name><surname>Warman</surname><given-names>G.</given-names></name><name><surname>Arnold</surname><given-names>L.</given-names></name></person-group>, <publisher-name>Territory Health Services</publisher-name>, <publisher-loc>Darwin, AUS</publisher-loc></mixed-citation></ref>
<ref id="ref9"><label>9.</label> <mixed-citation publication-type="journal"><person-group person-group-type="author"><name><surname>Bindman</surname><given-names>A.B.</given-names></name><name><surname>Grumbach</surname><given-names>K.</given-names></name><name><surname>Osmond</surname><given-names>D.</given-names></name><name><surname>Komaromy</surname><given-names>M.</given-names></name><name><surname>Vranizan</surname><given-names>K.</given-names></name><etal/></person-group> (<year>1995</year>) <article-title>Preventable Hospitalizations and Access to Health Care</article-title>. <source>JAMA</source> <volume>274</volume>, <fpage>305</fpage>-<lpage>311</lpage></mixed-citation></ref>
<ref id="ref10"><label>10.</label> <mixed-citation publication-type="journal"><person-group person-group-type="author"><name><surname>Hollander</surname><given-names>M.J.</given-names></name><name><surname>Kadlec</surname><given-names>H.</given-names></name><name><surname>Hamdi</surname><given-names>R.</given-names></name><name><surname>Tessaro</surname><given-names>A.</given-names></name></person-group> (<year>2009</year>) <article-title>Increasing Value for Money in the Canadian Healthcare System: New Findings on the Contribution of Primary Care Services</article-title>. <source>Healthcare Quarterly</source> <volume>12</volume>, <fpage>32</fpage>-<lpage>44</lpage></mixed-citation></ref>
<ref id="ref11"><label>11.</label> <mixed-citation publication-type="journal"><person-group person-group-type="author"><name><surname>Robbins</surname><given-names>J.M.</given-names></name><name><surname>Webb</surname><given-names>D.A.</given-names></name></person-group> (<year>2006</year>) <article-title>Hospital Admission Rates for a Racially Diverse Low&#x002D;Income Cohort of Patients with Diabetes: The Urban Diabetes Study</article-title>. <source>Am. J. Public Health</source> <volume>96</volume>, <fpage>1260</fpage>-<lpage>1264</lpage></mixed-citation></ref>
<ref id="ref12"><label>12.</label> <mixed-citation publication-type="journal"><person-group person-group-type="author"><name><surname>Greisinger</surname><given-names>A.J.</given-names></name><name><surname>Balkrishnan</surname><given-names>R.</given-names></name><name><surname>Shenolikar</surname><given-names>R.A.</given-names></name><name><surname>Wehmanen</surname><given-names>O.A.</given-names></name><name><surname>Muhammad</surname><given-names>S.</given-names></name><etal/></person-group> (<year>2004</year>) <article-title>Diabetes Care Management Participation in a Primary Care Setting and Subsequent Hospitalization Risk</article-title>. <source>Disease Management</source> <volume>7</volume>, <fpage>325</fpage>-<lpage>332</lpage></mixed-citation></ref>
<ref id="ref13"><label>13.</label> <mixed-citation publication-type="journal"><person-group person-group-type="author"><name><surname>Menzin</surname><given-names>J.</given-names></name><name><surname>Korn</surname><given-names>J.R.</given-names></name><name><surname>Cohen</surname><given-names>J.</given-names></name><name><surname>Lobo</surname><given-names>F.</given-names></name><name><surname>Zhang</surname><given-names>B.</given-names></name><etal/></person-group> (<year>2010</year>) <article-title>Relationship between Glycemic Control and Diabetes&#x002D;Related Hospital Costs in Patients with Type 1 or Type 2 Diabetes Mellitus</article-title>. <source>JMCP</source> <volume>16</volume>, <fpage>264</fpage>-<lpage>275</lpage></mixed-citation></ref>
<ref id="ref14"><label>14.</label> <mixed-citation publication-type="journal"><person-group person-group-type="author"><name><surname>Weinberger</surname><given-names>M.</given-names></name><name><surname>Oddone</surname><given-names>E.Z.</given-names></name><name><surname>Henderson</surname><given-names>W.G.</given-names></name></person-group> (<year>1996</year>) <article-title>Does Increased Access to Primary Care Reduce Hospital Readmissions</article-title>? <source>N. Engl. J. Med.</source> <volume>334</volume>, <fpage>1441</fpage>-<lpage>1447</lpage></mixed-citation></ref>
<ref id="ref15"><label>15.</label> <mixed-citation publication-type="journal"><person-group person-group-type="author"><name><surname>Downing</surname><given-names>A.</given-names></name><name><surname>Rudge</surname><given-names>G.</given-names></name><name><surname>Cheng</surname><given-names>Y.</given-names></name><name><surname>Tu</surname><given-names>Y.&#x002D;K.</given-names></name><name><surname>Keen</surname><given-names>J.</given-names></name><etal/></person-group> (<year>2007</year>) <article-title>Do the Uk Government's New Quality and Outcomes Framework (Qof) Scores Adequately Measure Primary Care Performance? A Cross&#x002D;Sectional Survey of Routine Healthcare Data</article-title>. <source>BMC Health Serv. Res.</source> <volume>7</volume>, <fpage>166</fpage>-<lpage>166</lpage></mixed-citation></ref>
<ref id="ref16"><label>16.</label> <mixed-citation publication-type="journal"><person-group person-group-type="author"><name><surname>Huang</surname><given-names>E.S.</given-names></name><name><surname>Gleason</surname><given-names>S.</given-names></name><name><surname>Gaudette</surname><given-names>R.</given-names></name><name><surname>Cagliero</surname><given-names>E.</given-names></name><name><surname>Murphy&#x002D;Sheehy</surname><given-names>P.</given-names></name><etal/></person-group> (<year>2004</year>) <article-title>Health Care Resource Utilization Associated with a Diabetes Center and a General Medicine Clinic</article-title>. <source>J. Gen. Intern. Med.</source> <volume>19</volume>, <fpage>28</fpage>-<lpage>35</lpage></mixed-citation></ref>
<ref id="ref17"><label>17.</label> <mixed-citation publication-type="book"><collab>Australian Bureau of Statistics</collab> (<year>2008</year>) <source>Experimental Estimates of Aboriginal and Torres Strait Islander Australians</source>, <comment>Jun 2006.</comment>, <publisher-name>Australian Bureau of Statistics</publisher-name>, <publisher-loc>Canberra, AUS</publisher-loc></mixed-citation></ref>
<ref id="ref18"><label>18.</label> <mixed-citation publication-type="journal"><collab>Department of Health and Families</collab> (<year>2011</year>) <source>Annual Report 2009&#x002D;2010</source>, <comment>DHF, Darwin, AUS</comment></mixed-citation></ref>
<ref id="ref19"><label>19.</label> <mixed-citation publication-type="web"><person-group person-group-type="author"><name><surname>Smith</surname><given-names>P.</given-names></name></person-group> <source>Hospitalisation Rates Appear Inflated</source>. <comment>Available online</comment>: <ext-link ext-link-type="uri" xmlns:xlink="http://www.w3.org/1999/xlink" xlink:href="http://www.australiandoctor.com.au/news/latest-news/hospitalisation-rates-appear-inflated">http://www.australiandoctor.com.au/news/latest&#x002D;news/hospitalisation&#x002D;rates&#x002D;appear&#x002D;inflated</ext-link> (<comment>27/11/2012</comment>),</mixed-citation></ref>
<ref id="ref20"><label>20.</label> <mixed-citation publication-type="journal"><person-group person-group-type="author"><name><surname>Foley</surname><given-names>M.</given-names></name><name><surname>Zhao</surname><given-names>Y.</given-names></name><name><surname>Condon</surname><given-names>J.R.</given-names></name></person-group> (<year>2012</year>) <source>Demographic Data Quality Assessment for Northern Territory Public Hospitals 2011</source>, <comment>Department of Health, Darwin, AUS</comment></mixed-citation></ref>
<ref id="ref21"><label>21.</label> <mixed-citation publication-type="book"><person-group person-group-type="author"><name><surname>Marsh</surname><given-names>L.</given-names></name><name><surname>Cormier</surname><given-names>D.R.</given-names></name></person-group> (<year>2001</year>) <source>Spline Regression Models</source>, <publisher-name>Sage Publications</publisher-name>, <publisher-loc>Thousand Oaks, CA</publisher-loc></mixed-citation></ref>
<ref id="ref22"><label>22.</label> <mixed-citation publication-type="journal"><person-group person-group-type="author"><name><surname>Epstein</surname><given-names>A.J.</given-names></name></person-group> (<year>2001</year>) <article-title>The Role of Public Clinics in Preventable Hospitalizations among Vulnerable Populations</article-title>. <source>Health Serv. Res.</source> <volume>36</volume>, <fpage>405</fpage>-<lpage>420</lpage></mixed-citation></ref>
<ref id="ref23"><label>23.</label> <mixed-citation publication-type="journal"><person-group person-group-type="author"><name><surname>Fortney</surname><given-names>J.C.</given-names></name><name><surname>Steffick</surname><given-names>D.E.</given-names></name><name><surname>Burgess</surname><given-names>J.F.</given-names><suffix>Jr.</suffix></name><name><surname>Maciejewski</surname><given-names>M.L.</given-names></name><name><surname>Petersen</surname><given-names>L.A.</given-names></name></person-group> (<year>2005</year>) <article-title>Are Primary Care Services a Substitute or Complement for Specialty and Inpatient Services</article-title>? <source>Health Serv. Res.</source> <volume>40</volume>, <fpage>1422</fpage>-<lpage>1442</lpage></mixed-citation></ref>
<ref id="ref24"><label>24.</label> <mixed-citation publication-type="journal"><person-group person-group-type="author"><name><surname>Vogel</surname><given-names>R.L.</given-names></name><name><surname>Ackermann</surname><given-names>R.J.</given-names></name></person-group> (<year>1998</year>) <article-title>Is Primary Care Physician Supply Correlated with Health Outcomes</article-title>? <source>Int. J. Health Serv.</source> <volume>28</volume>, <fpage>183</fpage>-<lpage>196</lpage></mixed-citation></ref>
<ref id="ref25"><label>25.</label> <mixed-citation publication-type="journal"><person-group person-group-type="author"><name><surname>Engstr&#x00F6;m</surname><given-names>S.</given-names></name><name><surname>Foldevi</surname><given-names>M.</given-names></name><name><surname>Borgquist</surname><given-names>L.</given-names></name></person-group> (<year>2001</year>) <article-title>Is General Practice Effective? A Systematic Literature Review</article-title>. <source>Scand. J. Prim. Health Care</source> <volume>19</volume>, <fpage>131</fpage>-<lpage>144</lpage></mixed-citation></ref>
<ref id="ref26"><label>26.</label> <mixed-citation publication-type="book"><person-group person-group-type="author"><name><surname>Bailie</surname><given-names>R.</given-names></name><name><surname>Si</surname><given-names>D.</given-names></name><name><surname>Dowden</surname><given-names>M.</given-names></name><name><surname>Lonergan</surname><given-names>K.</given-names></name></person-group> (<year>2007</year>) <source>Audit and Best Practice for Chronic Disease</source>, <publisher-name>Menzies School of Health Research</publisher-name>, <publisher-loc>Darwin, AUS</publisher-loc></mixed-citation></ref>
<ref id="ref27"><label>27.</label> <mixed-citation publication-type="journal"><person-group person-group-type="author"><name><surname>Zhao</surname><given-names>Y.</given-names></name><name><surname>Wright</surname><given-names>J.</given-names></name><name><surname>Guthridge</surname><given-names>S.L.</given-names></name><name><surname>Lawton</surname><given-names>P.</given-names></name></person-group> (<year>2013</year>) <article-title>The Relationship between Access to Primary Care and Hospitalisations: Evidence from Linked Clinic and Hospital Data for Remote Indigenous Australians</article-title>. <source>BMC Health Serv. Res.</source>, (<comment>submitted</comment>)</mixed-citation></ref>
</ref-list>
</back>
<floats-group>
<fig id="fig001" position="float">
<label>Figure 1.</label>
<caption><p>Relationship between primary health care visits and hospitalisations fitted with the spline model</p></caption>
<graphic xmlns:xlink="http://www.w3.org/1999/xlink" xlink:href="japst-01-1-g001.tif" mime-subtype="tif"/>
</fig>
<fig id="fig002" position="float">
<label>Figure 2.</label>
<caption><p>Relationship between clinic visits and hospitalisations by key demographics and complications, fitted with the multivariate spline model</p></caption>
<graphic xmlns:xlink="http://www.w3.org/1999/xlink" xlink:href="japst-01-1-g002.tif" mime-subtype="tif"/>
</fig>
<table-wrap id="table001" position="float" orientation="portrait">
<label>Table 1.</label>
<caption><p>Primary health care (PHC) visits and hospitalisations by age and sex, remote Indigenous patients with diabetes, Northern Territory, Australia, 2007&#x002D;2011</p></caption>
<table rules="all" frame="box">
<thead>
<tr>
<th align="center" valign="bottom">Sex</th>
<th align="center" valign="bottom">Age (years)</th>
<th align="center" valign="bottom">Persons</th>
<th align="center" valign="bottom">PHC visits</th>
<th align="center" valign="bottom">Hospitalisations</th>
<th align="center" valign="bottom">Annual visits per person</th>
<th align="center" valign="bottom">Annual hospital admissions per person</th>
</tr>
</thead>
<tbody>
<tr>
<td align="left" rowspan="5" valign="top"><bold>Male</bold></td>
<td align="right"><bold>0&#x002D;14</bold></td>
<td align="right">9</td>
<td align="right">48</td>
<td align="right">5</td>
<td align="right">5.33</td>
<td align="right">0.53</td>
</tr>
<tr>
<td align="right"><bold>15&#x002D;39</bold></td>
<td align="right">273</td>
<td align="right">4273</td>
<td align="right">154</td>
<td align="right">15.65</td>
<td align="right">0.56</td>
</tr>
<tr>
<td align="right"><bold>40&#x002D;59</bold></td>
<td align="right">543</td>
<td align="right">12164</td>
<td align="right">454</td>
<td align="right">22.40</td>
<td align="right">0.84</td>
</tr>
<tr>
<td align="right"><bold>60+</bold></td>
<td align="right">171</td>
<td align="right">4330</td>
<td align="right">129</td>
<td align="right">25.32</td>
<td align="right">0.76</td>
</tr>
<tr>
<td align="right"><bold>Total</bold></td>
<td align="right"><bold>996</bold></td>
<td align="right"><bold>20816</bold></td>
<td align="right"><bold>742</bold></td>
<td align="right">20.90</td>
<td align="right">0.74</td>
</tr>
<tr>
<td align="left" rowspan="5" valign="top"><bold>Female</bold></td>
<td align="right"><bold>0&#x002D;14</bold></td>
<td align="right">23</td>
<td align="right">315</td>
<td align="right">13</td>
<td align="right">13.70</td>
<td align="right">0.55</td>
</tr>
<tr>
<td align="right"><bold>15&#x002D;39</bold></td>
<td align="right">557</td>
<td align="right">12482</td>
<td align="right">620</td>
<td align="right">22.41</td>
<td align="right">1.11</td>
</tr>
<tr>
<td align="right"><bold>40&#x002D;59</bold></td>
<td align="right">818</td>
<td align="right">23185</td>
<td align="right">815</td>
<td align="right">28.34</td>
<td align="right">1.00</td>
</tr>
<tr>
<td align="right"><bold>60+</bold></td>
<td align="right">292</td>
<td align="right">9227</td>
<td align="right">245</td>
<td align="right">31.60</td>
<td align="right">0.84</td>
</tr>
<tr>
<td align="right"><bold>Total</bold></td>
<td align="right"><bold>1690</bold></td>
<td align="right"><bold>45209</bold></td>
<td align="right"><bold>1692</bold></td>
<td align="right">26.75</td>
<td align="right">1.00</td>
</tr>
<tr>
<td align="left" rowspan="5" valign="top"><bold>Person</bold></td>
<td align="right"><bold>0&#x002D;14</bold></td>
<td align="right">32</td>
<td align="right">363</td>
<td align="right">18</td>
<td align="right">11.34</td>
<td align="right">0.55</td>
</tr>
<tr>
<td align="right"><bold>15&#x002D;39</bold></td>
<td align="right">830</td>
<td align="right">16755</td>
<td align="right">773</td>
<td align="right">20.19</td>
<td align="right">0.93</td>
</tr>
<tr>
<td align="right"><bold>40&#x002D;59</bold></td>
<td align="right">1361</td>
<td align="right">35349</td>
<td align="right">1269</td>
<td align="right">25.97</td>
<td align="right">0.93</td>
</tr>
<tr>
<td align="right"><bold>60+</bold></td>
<td align="right">463</td>
<td align="right">13558</td>
<td align="right">375</td>
<td align="right">29.28</td>
<td align="right">0.81</td>
</tr>
<tr>
<td align="right"><bold>Total</bold></td>
<td align="right"><bold>2686</bold></td>
<td align="right"><bold>66025</bold></td>
<td align="right"><bold>2434</bold></td>
<td align="right">24.58</td>
<td align="right">0.91</td>
</tr>
</tbody>
</table>
</table-wrap>
<table-wrap id="table002" position="float" orientation="portrait">
<label>Table 2.</label>
<caption><p>Parameter estimates and confidence intervals of the spline models</p></caption>
<table rules="all" frame="box">
<thead>
<tr>
<th rowspan="2" colspan="2"/>
<th align="center" colspan="4">Parameter estimate</th>
<th align="center" colspan="4">95% Confidence interval</th>
</tr>
<tr>
<th align="center">a (intercept)</th>
<th align="center">b (shape 1)</th>
<th align="center">c (shape 2)</th>
<th align="center">k (location)</th>
<th align="center">a (intercept)</th>
<th align="center">b (shape 1)</th>
<th align="center">c (shape 2)</th>
<th align="center">k (location)</th>
</tr>
</thead>
<tbody>
<tr>
<td align="left"><bold>Diabetes</bold></td>
<td align="right"/>
<td align="right">0.6801<xref ref-type="table-fn" rid="tfn001">*</xref></td>
<td align="right">0.0284<xref ref-type="table-fn" rid="tfn001">*</xref></td>
<td align="right">0.0001<xref ref-type="table-fn" rid="tfn001">*</xref></td>
<td align="right">7.9316<xref ref-type="table-fn" rid="tfn001">*</xref></td>
<td align="right">0.5956&#x002D;0.7645</td>
<td align="right">0.0126&#x002D;0.0442</td>
<td align="right">0&#x002D;0.0002</td>
<td align="right">5.8239&#x002D;10.0394</td>
</tr>
<tr>
<td align="left"><bold>Sex</bold></td>
<td align="left"><bold>Male</bold></td>
<td align="right">0.4561<xref ref-type="table-fn" rid="tfn001">*</xref></td>
<td align="right">0.0531<xref ref-type="table-fn" rid="tfn001">*</xref></td>
<td align="right">0.0002<xref ref-type="table-fn" rid="tfn001">*</xref></td>
<td align="right">5.9102<xref ref-type="table-fn" rid="tfn001">*</xref></td>
<td align="right">0.3429&#x002D;0.5692</td>
<td align="right">0.0152&#x002D;0.091</td>
<td align="right">0.0001&#x002D;0.0003</td>
<td align="right">3.8902&#x002D;7.9302</td>
</tr>
<tr>
<td align="left"/>
<td align="left"><bold>Female</bold></td>
<td align="right">0.3444<xref ref-type="table-fn" rid="tfn001">*</xref></td>
<td align="right">&#x002D;0.0407<xref ref-type="table-fn" rid="tfn001">*</xref></td>
<td align="right">&#x002D;0.0001</td>
<td align="right">5.9815<xref ref-type="table-fn" rid="tfn001">*</xref></td>
<td align="right">0.1967&#x002D;0.4921</td>
<td align="right">&#x002D;0.0791&#x002D;&#x002D;0.0022</td>
<td align="right">&#x002D;0.0003&#x002D;0.0001</td>
<td align="right">2.3269&#x002D;9.6362</td>
</tr>
<tr>
<td align="left"><bold>Age</bold></td>
<td align="left"><bold>&#x003C;40 years</bold></td>
<td align="right">0.7722<xref ref-type="table-fn" rid="tfn001">*</xref></td>
<td align="right">0.0576</td>
<td align="right">0.0002<xref ref-type="table-fn" rid="tfn001">*</xref></td>
<td align="right">5.314<xref ref-type="table-fn" rid="tfn001">*</xref></td>
<td align="right">0.6414&#x002D;0.9031</td>
<td align="right">&#x002D;0.0096&#x002D;0.1247</td>
<td align="right">0&#x002D;0.0004</td>
<td align="right">2.4161&#x002D;8.2119</td>
</tr>
<tr>
<td align="left"/>
<td align="left"><bold>>=40 years</bold></td>
<td align="right">&#x002D;0.1931<xref ref-type="table-fn" rid="tfn001">*</xref></td>
<td align="right">&#x002D;0.0452</td>
<td align="right">0.0000</td>
<td align="right">6.9829<xref ref-type="table-fn" rid="tfn001">*</xref></td>
<td align="right">&#x002D;0.3621&#x002D;&#x002D;0.0241</td>
<td align="right">&#x002D;0.1127&#x002D;0.0223</td>
<td align="right">&#x002D;0.0002&#x002D;0.0002</td>
<td align="right">2.5791&#x002D;11.3868</td>
</tr>
<tr>
<td align="left" colspan="10"><bold>Complications</bold></td>
</tr>
<tr>
<td align="left"><bold>IHD</bold></td>
<td align="left"><bold>No</bold></td>
<td align="right">0.6336<xref ref-type="table-fn" rid="tfn001">*</xref></td>
<td align="right">0.0521</td>
<td align="right">0.0001</td>
<td align="right">5.2344<xref ref-type="table-fn" rid="tfn001">*</xref></td>
<td align="right">0.5269&#x002D;0.7403</td>
<td align="right">&#x002D;0.002&#x002D;0.1062</td>
<td align="right">0&#x002D;0.0002</td>
<td align="right">2.6271&#x002D;7.8417</td>
</tr>
<tr>
<td align="left"/>
<td align="left"><bold>Yes</bold></td>
<td align="right">0.357</td>
<td align="right">&#x002D;0.0458</td>
<td align="right">0.0004</td>
<td align="right">19.781<xref ref-type="table-fn" rid="tfn001">*</xref></td>
<td align="right">&#x002D;0.0274&#x002D;0.7406</td>
<td align="right">&#x002D;0.1001&#x002D;0.0085</td>
<td align="right">&#x002D;0.0005&#x002D;0.0013</td>
<td align="right">11.5521&#x002D;28.0099</td>
</tr>
<tr>
<td align="left"><bold>Renal disease</bold></td>
<td align="left"><bold>No</bold></td>
<td align="right">0.6188<xref ref-type="table-fn" rid="tfn001">*</xref></td>
<td align="right">0.0660</td>
<td align="right">0.0001<xref ref-type="table-fn" rid="tfn001">*</xref></td>
<td align="right">4.1673<xref ref-type="table-fn" rid="tfn001">*</xref></td>
<td align="right">0.5258&#x002D;0.7117</td>
<td align="right">&#x002D;0.015&#x002D;0.1471</td>
<td align="right">0&#x002D;0.0002</td>
<td align="right">1.6983&#x002D;6.6364</td>
</tr>
<tr>
<td align="left"/>
<td align="left"><bold>Yes</bold></td>
<td align="right">0.198</td>
<td align="right">&#x002D;0.0557</td>
<td align="right">0.0003</td>
<td align="right">17.1026<xref ref-type="table-fn" rid="tfn001">*</xref></td>
<td align="right">&#x002D;0.0507&#x002D;0.4461</td>
<td align="right">&#x002D;0.1369&#x002D;0.0254</td>
<td align="right">&#x002D;0.0002&#x002D;0.0007</td>
<td align="right">12.2384&#x002D;21.9669</td>
</tr>
</tbody>
</table>
<table-wrap-foot>
<fn id="tfn001"><p>Note: * P&#x003C;0.05; IHD=ischemic heart disease</p></fn>
</table-wrap-foot>
</table-wrap>
</floats-group>
</article>